Model,Accuracy
Random Forest,0.9412962334577536
XGBoost,0.9324737020699015
SVM,0.9504580929759077
